{"cameraMode":{"drawMode":0,"name":"Shaded","section":"Shading Mode"},"sceneLighting":true,"audioPlay":false,"sceneViewState":{"showFog":true,"showMaterialUpdate":false,"showSkybox":true,"showFlares":true,"showImageEffects":true,"showParticleSystems":true},"in2DMode":false,"pivot":{"x":1168.7181396484375,"y":45.28533935546875,"z":-77.89599609375},"rotation":{"x":-0.16978533565998078,"y":0.0664622113108635,"z":-0.011464042589068413,"w":-0.983201801776886},"size":1330.5096435546875,"orthographic":false}