{"cameraMode":{"drawMode":0,"name":"Shaded","section":"Shading Mode"},"sceneLighting":false,"audioPlay":false,"sceneViewState":{"showFog":true,"showMaterialUpdate":false,"showSkybox":false,"showFlares":true,"showImageEffects":true,"showParticleSystems":true},"in2DMode":false,"pivot":{"x":0.062471628189086917,"y":-0.6003478169441223,"z":0.014287352561950684},"rotation":{"x":-0.26361095905303957,"y":0.6106406450271606,"z":-0.2263379693031311,"w":-0.7117070555686951},"size":1.1013110876083375,"orthographic":false}