{"cameraMode":{"drawMode":0,"name":"Shaded","section":"Shading Mode"},"sceneLighting":false,"audioPlay":false,"sceneViewState":{"showFog":true,"showMaterialUpdate":false,"showSkybox":false,"showFlares":true,"showImageEffects":true,"showParticleSystems":true},"in2DMode":false,"pivot":{"x":1.1920928955078126e-7,"y":3.5762786865234377e-7,"z":2.384185791015625e-7},"rotation":{"x":-0.3236072361469269,"y":-0.12056199461221695,"z":0.041516583412885669,"w":-0.9376220703125},"size":0.6261074542999268,"orthographic":false}