{"cameraMode":{"drawMode":0,"name":"Shaded","section":"Shading Mode"},"sceneLighting":false,"audioPlay":false,"sceneViewState":{"showFog":true,"showMaterialUpdate":false,"showSkybox":false,"showFlares":true,"showImageEffects":true,"showParticleSystems":true},"in2DMode":false,"pivot":{"x":1.3675682544708253,"y":0.625464677810669,"z":1.1500591039657593},"rotation":{"x":-0.0012448184425011278,"y":0.5579376816749573,"z":0.0008371499134227634,"w":0.8298841714859009},"size":2.555039167404175,"orthographic":false}