{"cameraMode":{"drawMode":0,"name":"Shaded","section":"Shading Mode"},"sceneLighting":false,"audioPlay":false,"sceneViewState":{"showFog":true,"showMaterialUpdate":false,"showSkybox":false,"showFlares":true,"showImageEffects":true,"showParticleSystems":true},"in2DMode":false,"pivot":{"x":-2.6540822982788088,"y":4.679913520812988,"z":4.5301079750061039},"rotation":{"x":0.1831708550453186,"y":-0.6168469786643982,"z":0.1504768580198288,"w":0.7505812644958496},"size":14.969773292541504,"orthographic":false}