{"cameraMode":{"drawMode":0,"name":"Shaded","section":"Shading Mode"},"sceneLighting":false,"audioPlay":false,"sceneViewState":{"showFog":true,"showMaterialUpdate":false,"showSkybox":false,"showFlares":true,"showImageEffects":true,"showParticleSystems":true},"in2DMode":false,"pivot":{"x":0.0,"y":0.13999998569488526,"z":0.6864999532699585},"rotation":{"x":0.04775646701455116,"y":0.09663522243499756,"z":-0.004641941748559475,"w":0.9941646456718445},"size":2.7326858043670656,"orthographic":false}