{"cameraMode":{"drawMode":0,"name":"Shaded","section":"Shading Mode"},"sceneLighting":false,"audioPlay":false,"sceneViewState":{"showFog":true,"showMaterialUpdate":false,"showSkybox":false,"showFlares":true,"showImageEffects":true,"showParticleSystems":true},"in2DMode":false,"pivot":{"x":0.34987545013427737,"y":-0.9486384391784668,"z":-8.047758102416993},"rotation":{"x":0.1831708550453186,"y":-0.6168469786643982,"z":0.1504768580198288,"w":0.7505812644958496},"size":7.061080455780029,"orthographic":false}