{"cameraMode":{"drawMode":0,"name":"Shaded","section":"Shading Mode"},"sceneLighting":false,"audioPlay":false,"sceneViewState":{"showFog":true,"showMaterialUpdate":false,"showSkybox":false,"showFlares":true,"showImageEffects":true,"showParticleSystems":true},"in2DMode":false,"pivot":{"x":0.0,"y":-4.905000686645508,"z":3.2727999687194826},"rotation":{"x":0.04775646701455116,"y":0.09663522243499756,"z":-0.004641941748559475,"w":0.9941646456718445},"size":8.672552108764649,"orthographic":false}