{"cameraMode":{"drawMode":0,"name":"Shaded","section":"Shading Mode"},"sceneLighting":false,"audioPlay":false,"sceneViewState":{"showFog":true,"showMaterialUpdate":false,"showSkybox":false,"showFlares":true,"showImageEffects":true,"showParticleSystems":true},"in2DMode":false,"pivot":{"x":1.119229793548584,"y":-0.001578211784362793,"z":0.05553245544433594},"rotation":{"x":0.3526678681373596,"y":-0.4843532145023346,"z":0.22200338542461396,"w":0.7692921161651611},"size":5.263484477996826,"orthographic":false}