{"cameraMode":{"drawMode":0,"name":"Shaded","section":"Shading Mode"},"sceneLighting":false,"audioPlay":false,"sceneViewState":{"showFog":true,"showMaterialUpdate":false,"showSkybox":false,"showFlares":true,"showImageEffects":true,"showParticleSystems":true},"in2DMode":false,"pivot":{"x":-4.819677352905273,"y":0.9964936971664429,"z":1.3138527870178223},"rotation":{"x":-0.036208998411893848,"y":-0.6427485942840576,"z":0.03044258989393711,"w":-0.7646295428276062},"size":4.5276923179626469,"orthographic":false}