{"cameraMode":{"drawMode":0,"name":"Shaded","section":"Shading Mode"},"sceneLighting":false,"audioPlay":false,"sceneViewState":{"showFog":true,"showMaterialUpdate":false,"showSkybox":false,"showFlares":true,"showImageEffects":true,"showParticleSystems":true},"in2DMode":false,"pivot":{"x":1.2009601593017579,"y":5.278952121734619,"z":1.7630023956298829},"rotation":{"x":0.3526678681373596,"y":-0.4843532145023346,"z":0.22200338542461396,"w":0.7692921161651611},"size":7.2416768074035648,"orthographic":false}