{"cameraMode":{"drawMode":0,"name":"Shaded","section":"Shading Mode"},"sceneLighting":false,"audioPlay":false,"sceneViewState":{"showFog":true,"showMaterialUpdate":false,"showSkybox":false,"showFlares":true,"showImageEffects":true,"showParticleSystems":true},"in2DMode":false,"pivot":{"x":3.118271827697754,"y":0.5424822568893433,"z":-0.663754940032959},"rotation":{"x":-0.006085820496082306,"y":0.8617855310440064,"z":0.010342140682041645,"w":0.5071347951889038},"size":2.5175435543060304,"orthographic":false}