{"cameraMode":{"drawMode":0,"name":"Shaded","section":"Shading Mode"},"sceneLighting":false,"audioPlay":false,"sceneViewState":{"showFog":true,"showMaterialUpdate":false,"showSkybox":false,"showFlares":true,"showImageEffects":true,"showParticleSystems":true},"in2DMode":false,"pivot":{"x":-0.20758676528930665,"y":1.302506446838379,"z":2.5521202087402345},"rotation":{"x":0.03955317288637161,"y":-0.47586923837661745,"z":0.021428553387522699,"w":0.8783658146858215},"size":3.7197937965393068,"orthographic":false}