{"cameraMode":{"drawMode":0,"name":"Shaded","section":"Shading Mode"},"sceneLighting":false,"audioPlay":false,"sceneViewState":{"showFog":true,"showMaterialUpdate":false,"showSkybox":false,"showFlares":true,"showImageEffects":true,"showParticleSystems":true},"in2DMode":false,"pivot":{"x":-0.1430652141571045,"y":0.0,"z":-0.14719164371490479},"rotation":{"x":-0.5584773421287537,"y":0.35763588547706606,"z":-0.28956833481788638,"w":-0.6902717351913452},"size":5.393009662628174,"orthographic":false}