{"cameraMode":{"drawMode":0,"name":"Shaded","section":"Shading Mode"},"sceneLighting":false,"audioPlay":false,"sceneViewState":{"showFog":true,"showMaterialUpdate":false,"showSkybox":false,"showFlares":true,"showImageEffects":true,"showParticleSystems":true},"in2DMode":false,"pivot":{"x":1.0801982879638672,"y":-2.015385627746582,"z":-1.4953420162200928},"rotation":{"x":0.4591383635997772,"y":-0.436708927154541,"z":0.2776348888874054,"w":0.7221270203590393},"size":5.072256088256836,"orthographic":false}