{"cameraMode":{"drawMode":0,"name":"Shaded","section":"Shading Mode"},"sceneLighting":false,"audioPlay":false,"sceneViewState":{"showFog":true,"showMaterialUpdate":false,"showSkybox":false,"showFlares":true,"showImageEffects":true,"showParticleSystems":true},"in2DMode":false,"pivot":{"x":-2.4703922271728517,"y":-2.9497129917144777,"z":-0.6414880752563477},"rotation":{"x":0.1819896697998047,"y":-0.3077237010002136,"z":0.06004159897565842,"w":0.9320141673088074},"size":7.241693496704102,"orthographic":false}