{"cameraMode":{"drawMode":0,"name":"Shaded","section":"Shading Mode"},"sceneLighting":false,"audioPlay":false,"sceneViewState":{"showFog":true,"showMaterialUpdate":false,"showSkybox":false,"showFlares":true,"showImageEffects":true,"showParticleSystems":true},"in2DMode":false,"pivot":{"x":0.006948292255401611,"y":0.0,"z":0.00046074390411376953},"rotation":{"x":-0.4328942596912384,"y":-0.3739537298679352,"z":0.20368671417236329,"w":-0.7945981621742249},"size":1.0877628326416016,"orthographic":false}