{"cameraMode":{"drawMode":0,"name":"Shaded","section":"Shading Mode"},"sceneLighting":false,"audioPlay":false,"sceneViewState":{"showFog":true,"showMaterialUpdate":false,"showSkybox":false,"showFlares":true,"showImageEffects":true,"showParticleSystems":true},"in2DMode":false,"pivot":{"x":-0.36031341552734377,"y":5.729398727416992,"z":2.689814567565918},"rotation":{"x":0.21102353930473329,"y":-0.6202106475830078,"z":0.17819450795650483,"w":0.7342483401298523},"size":17.19186019897461,"orthographic":false}