{"cameraMode":{"drawMode":0,"name":"Shaded","section":"Shading Mode"},"sceneLighting":true,"audioPlay":false,"sceneViewState":{"showFog":true,"showMaterialUpdate":false,"showSkybox":true,"showFlares":true,"showImageEffects":true,"showParticleSystems":true},"in2DMode":false,"pivot":{"x":4.1748857498168949,"y":2.9646401405334474,"z":-2.7396082878112795},"rotation":{"x":-0.02102290466427803,"y":0.9286801815032959,"z":-0.3664371371269226,"w":-0.053279291838407519},"size":5.023862361907959,"orthographic":false}