{"cameraMode":{"drawMode":0,"name":"Shaded","section":"Shading Mode"},"sceneLighting":false,"audioPlay":false,"sceneViewState":{"showFog":true,"showMaterialUpdate":false,"showSkybox":false,"showFlares":true,"showImageEffects":true,"showParticleSystems":true},"in2DMode":false,"pivot":{"x":9.5367431640625e-7,"y":0.00009053200483322144,"z":-0.09190988540649414},"rotation":{"x":-0.4328942596912384,"y":-0.3739537298679352,"z":0.20368671417236329,"w":-0.7945981621742249},"size":14.142499923706055,"orthographic":false}