{"cameraMode":{"drawMode":0,"name":"Shaded","section":"Shading Mode"},"sceneLighting":false,"audioPlay":false,"sceneViewState":{"showFog":true,"showMaterialUpdate":false,"showSkybox":false,"showFlares":true,"showImageEffects":true,"showParticleSystems":true},"in2DMode":false,"pivot":{"x":0.0,"y":-0.7847999334335327,"z":1.600000023841858},"rotation":{"x":0.03955317288637161,"y":-0.47586923837661745,"z":0.021428553387522699,"w":0.8783658146858215},"size":2.8241777420043947,"orthographic":false}