{"cameraMode":{"drawMode":0,"name":"Shaded","section":"Shading Mode"},"sceneLighting":false,"audioPlay":false,"sceneViewState":{"showFog":true,"showMaterialUpdate":false,"showSkybox":false,"showFlares":true,"showImageEffects":true,"showParticleSystems":true},"in2DMode":false,"pivot":{"x":25.488906860351564,"y":-0.7663210034370422,"z":4.0697102546691898},"rotation":{"x":-0.00517438817769289,"y":-0.6514557003974915,"z":0.0044474247843027119,"w":-0.7586699724197388},"size":10.0,"orthographic":false}