{"cameraMode":{"drawMode":0,"name":"Shaded","section":"Shading Mode"},"sceneLighting":false,"audioPlay":false,"sceneViewState":{"showFog":true,"showMaterialUpdate":false,"showSkybox":false,"showFlares":true,"showImageEffects":true,"showParticleSystems":true},"in2DMode":false,"pivot":{"x":0.3198118209838867,"y":-1.1920928955078126e-7,"z":0.31981194019317629},"rotation":{"x":-0.3236072361469269,"y":-0.12056199461221695,"z":0.041516583412885669,"w":-0.9376220703125},"size":2.278571844100952,"orthographic":false}